,,corr,P
flr_F1_F2,blr_F1_F2,0.34206400986548796,2.1224996031308485e-37
flr_F1_F2,ilr_F1_F2,0.09460761566174451,0.0005921296717631247
flr_F1_F2,flr_F1_F3,0.5968905809126134,9.474181990733618e-128
flr_F1_F2,blr_F1_F3,0.33610352914052866,4.331272454418284e-36
flr_F1_F2,ilr_F1_F3,0.13149328658869172,3.206610778270501e-06
flr_F1_F2,flr_F2_F3,-0.6967831693486752,1.0471753701481269e-191
flr_F1_F2,blr_F2_F3,-0.11267445400549572,4.220470419800905e-05
flr_F1_F2,ilr_F2_F3,0.06168412527181588,0.029461238042034422
blr_F1_F2,ilr_F1_F2,0.04427343631658607,0.10855003299754164
blr_F1_F2,flr_F1_F3,0.40390231831275253,9.064302050232708e-53
blr_F1_F2,blr_F1_F3,0.8087641961474034,5.703797921403409e-305
blr_F1_F2,ilr_F1_F3,0.038542614673550836,0.17394233414992477
blr_F1_F2,flr_F2_F3,-0.10341635144274038,0.0001721755888106549
blr_F1_F2,blr_F2_F3,-0.6780074007436305,9.752296449361706e-178
blr_F1_F2,ilr_F2_F3,-0.017484616817819813,0.5374904361266035
ilr_F1_F2,flr_F1_F3,0.02848428881126481,0.30200145024966774
ilr_F1_F2,blr_F1_F3,-0.022122494732023074,0.42280657716471326
ilr_F1_F2,ilr_F1_F3,0.2254440633092205,8.026151220671813e-16
ilr_F1_F2,flr_F2_F3,-0.08550955587349199,0.0019120499256186268
ilr_F1_F2,blr_F2_F3,-0.08898856788753813,0.0012364839391111376
ilr_F1_F2,ilr_F2_F3,-0.3086379172534619,6.61194093781068e-29
flr_F1_F3,blr_F1_F3,0.5053402822681415,3.69487680645393e-86
flr_F1_F3,ilr_F1_F3,0.027452698104373473,0.3329169704240236
flr_F1_F3,flr_F2_F3,0.09442723429371916,0.0006066695347645702
flr_F1_F3,blr_F2_F3,-0.01884609590903634,0.4947172056113641
flr_F1_F3,ilr_F2_F3,-0.009025845714471277,0.7502668203377776
blr_F1_F3,ilr_F1_F3,-0.016185628698153542,0.5681379229105742
blr_F1_F3,flr_F2_F3,-0.005907452948792505,0.8305317018542511
blr_F1_F3,blr_F2_F3,-0.1939767620425707,1.293809206500163e-12
blr_F1_F3,ilr_F2_F3,-0.030612593710731186,0.2802517262677615
ilr_F1_F3,flr_F2_F3,-0.13535114043165894,1.626679484278437e-06
ilr_F1_F3,blr_F2_F3,-0.02159123656971112,0.44637821402809785
ilr_F1_F3,ilr_F2_F3,0.8191027270735695,1.5661871565974252e-302
flr_F2_F3,blr_F2_F3,0.13643737384666177,6.829397680713723e-07
flr_F2_F3,ilr_F2_F3,-0.08173262283096532,0.003889429750546402
blr_F2_F3,ilr_F2_F3,0.05554603393429965,0.04996660450037183
