"Taxa","varImp"
"G000181695",155.604349341125
"G000182965",23.5632264647222
"G003290485",21.4785792812699
"G000149645",19.4605960365856
"G000300575",17.4779841811931
"G900067095",14.2705799257616
"G000149425",13.8058620085393
"G000439145",12.8132440324839
"G000151355",12.1056373429925
"G900079805",9.05985350715442
"G002847485",8.39971440940046
"G003025115",8.31168613696816
"G000835505",7.90424440938163
"G001720205",7.57268202980089
"G000182805",7.34373669843593
"G000149955",6.194824679605
"G000315645",6.1347498376906
"G001890805",5.51010205160227
"G000230375",5.29699937735286
"G000149985",5.08644317432888
"G000149925",4.75852466939916
"G001329695",4.43168459954333
"G000146045",4.18653665898275
"G000516985",3.12786155141726
"G900007375",2.55524227365057
"G000167675",2.50553581841695
"G000006445",2.50080211909624
"G004154835",2.38454488978917
"G000225605",1.97826764496664
"G000835515",1.95254641696335
"G000146945",1.7863168037127
"G000149685",1.34876560570642
"G001661405",1.12633888204263
"G900074925",1.05555175766101
"G000240135",1.03676813716604
"G001642055",1.0311533260733
"G000002525",0.842730664007886
"G000836115",0.700580409969863
"G000149585",0.49869206596984
"G000349305",0.469907530021173
"G000149555",0.360959079690755
"G000171015",0.285942033558897
"G009193645",0.232975197187482
"G000002655",0.145361783115582
