"Taxa","varImp"
"G000300575",132.830116546076
"G000181695",97.5118839296046
"G000149645",30.4436181047655
"G000769745",26.0315078811404
"G000146045",20.7653560823368
"G000182805",18.3317912093367
"G000315645",15.0664112368785
"G000001985",12.948241338606
"G004154835",12.8074206873486
"G000223485",7.12554319542002
"G003290485",6.67876560402959
"G001720205",6.5099497928676
"G001653265",4.89082866103845
"G000149955",4.8448303721388
"G001477545",4.67908230867012
"G000006275",3.53262984733009
"G000149925",3.47674201305489
"G000271585",3.31671326073245
"G000968595",3.30171943831282
"G000392275",3.20927886143496
"G000149685",2.95895208494243
"G001642055",2.61266121529117
"G002847485",2.17005477254041
"G000171015",2.04745326287238
"G900067095",1.64078804251713
"G000149555",1.38268263624835
"G000328475",1.30763557937042
"G000303195",1.16316348642387
"G003184865",1.14807895905407
"G000149585",0.831065110249637
"G001890905",0.570126807578981
"G001638985",0.497353219909276
"G000003125",0.466894526398941
"G000836115",0.3601146291612
"G000264905",0.323351623216872
"G001329695",0.238318789736829
"G000151355",0.133841694245363
"G003054445",0.0751574378888284
"G000182965",0.0609328199939263
