"Taxa","varImp"
"G000181695",38.4833434999665
"G003290485",17.830800575963
"G001720205",11.2457520927219
"G001661405",9.00195413011062
"G000149955",7.85694539013465
"G001477535",7.21043707193234
"G001642055",3.61163512200874
"G000149925",3.60580515382767
"G000182805",3.02827845151708
"G000264905",2.81784425121193
"G000149645",2.7375788390341
"G001653265",2.72076065023285
"G000835515",2.70212566298881
"G000230375",2.42997116394833
"G000349305",2.33709560834829
"G000439145",2.29092486932134
"G000151335",2.16337349452448
"G000006445",2.08764971455238
"G000146945",2.05002293336218
"G001661235",1.87481787291157
"G000226095",1.78488879368011
"G000300575",1.73817263935059
"G004154835",1.43698609066876
"G000143535",1.42128166919114
"G000315645",1.20077198728674
"G000167675",0.814544423001849
"G003344945",0.688504581634134
"G000149685",0.591414870689439
"G000001985",0.490479602334787
"G000150735",0.442321211661887
"G000149555",0.345740661155648
"G000315875",0.300336703453958
"G000225605",0.261764064928086
"G000151355",0.230772171205579
"G004337985",0.218077556132286
"G000003855",0.205724247289389
"G000003835",0.120463195844786
"G000182965",0.106739499872395
"G000146915",0.0570061115812286
"G000184455",0.055932777956796
"G000320565",0.0542043905375011
"G003054445",0.0525936865393837
"G003025095",0.0453422348137491
