"Taxa","varImp"
"G003290485",84.7751431987963
"G000300575",78.061377630248
"G000182805",76.257743417485
"G000181695",47.5086548337178
"G900067095",33.6106722112871
"G000835515",24.6678363950033
"G001720205",21.6140227737493
"G000836115",11.8599104871505
"G000769745",11.3850479912713
"G000026945",8.52728806181926
"G000149645",7.40352915902247
"G000002525",6.6523405005945
"G001661405",5.54048855289677
"G000143535",5.38427832301833
"G001447935",5.1314477878347
"G003184765",4.54434994630959
"G000149425",3.18335806261209
"G001890805",2.72504262891532
"G000523455",2.66000441608764
"G003184625",2.59494320130013
"G000002655",2.35883073484149
"G000002515",2.29766568455548
"G000146045",2.14323132217149
"G003344945",1.84237519254645
"G000151335",1.74781269823819
"G001642055",1.60314677943919
"G000146945",1.59874832085188
"G000006445",1.56883823610392
"G000315645",1.55594907341801
"G000006335",1.4474609283274
"G000835495",1.43546704752603
"G000230375",1.40113494218099
"G001661345",1.35297718837929
"G000149585",1.20787550876413
"G004022145",1.00130551042688
"G000349305",0.959585981947615
"G002847485",0.662835546538237
"G000151425",0.582759407486499
"G000184455",0.564587225961619
"G001890905",0.531566600358083
"G001329695",0.501878960824608
"G002708625",0.421093230373713
"G000226545",0.324099034295141
"G000281105",0.321574737239603
"G000149925",0.313634985252035
"G000223485",0.270707368541157
"G000523435",0.270592069367758
"G004337985",0.245037556564117
"G001278385",0.206204881371757
"G000213175",0.195504165874692
"G004154835",0.193874430456208
"G000271645",0.191445732410368
"G000151125",0.17535417225424
"G000225605",0.169733694916559
"G000149205",0.138507310545638
"G000516985",0.13571845266297
"G000225545",0.132511031274299
