"Taxa","varImp"
"G000181695",108.04588176268
"G900067095",34.9782593918365
"G000300575",30.9389076275013
"G001661405",21.0575075701528
"G003290485",18.0003835454933
"G000146045",17.8211505242244
"G000349305",16.5822593114273
"G000223485",15.9651081837913
"G000026945",15.0269273180874
"G000225605",13.6298724101612
"G000182805",11.0466686538335
"G000002545",10.7768418342845
"G000006445",10.4344869144665
"G001477545",10.2632706604026
"G000149645",9.54258017144849
"G001720205",7.79702536212777
"G001638985",7.1184477453692
"G004154835",6.40568772455654
"G001653265",6.01351509707745
"G000836115",5.90032385653682
"G000721785",5.66860987559201
"G000835495",4.77413580716767
"G003144115",4.64497907209014
"G000226095",4.31627364707804
"G000149585",4.20771418525634
"G009193645",3.68520952341414
"G000213175",3.24855031735915
"G000142805",3.18909544799024
"G000320565",3.11862604069089
"G000151335",3.00127674231013
"G000171015",2.91592701547083
"G001642055",2.81988136688337
"G000149955",2.80402896890961
"G000747765",2.70208451637506
"G001890805",2.65068693328198
"G000143535",2.49848707690449
"G000003855",2.47743902798438
"G004337985",2.4753011884413
"G000149555",2.31561151418559
"G000439145",2.30118154176842
"G002237265",2.23819030300076
"G000769745",1.99629531532241
"G001672515",1.72974658789084
"G000230375",1.72104681648808
"G000002655",1.63832680037079
"G001661345",1.62702698829068
"G001661235",1.58870104509047
"G000149425",1.58209723224152
"G000303195",1.57696537855816
"G000835515",1.42538572648909
"G000167675",1.42004286937792
"G000146945",1.35146413734866
"G002847485",1.25034459620569
"G000264905",1.12448396780927
"G900074925",1.10869581308504
"G001661255",1.04055988436149
"G000185945",0.924429902167111
"G000143365",0.834858224378165
"G001447935",0.82092555733648
"G000315645",0.795633502944058
"G003184755",0.771556016668947
"G001619985",0.705056592784303
"G000006335",0.693600100045931
"G000149205",0.67895249690959
"G003344945",0.678243660935859
"G000293215",0.603374110592375
"G001278385",0.519942754689771
"G000968595",0.507928196816114
"G000002525",0.483598610777599
"G000149925",0.482588242763457
"G000149615",0.444806644218788
"G000315875",0.308309091007556
"G002847465",0.273212276684948
"G003184765",0.267655202621515
