"Taxa","varImp"
"G900067095",658.433671864223
"G000003515",87.2698281098377
"G003290485",61.4835081575664
"G001481775",50.5232351349129
"G000320565",45.3803967925298
"G000142805",41.9436798591595
"G900007375",38.8086223720615
"G000003125",20.4975225566174
"G000721765",15.3296041103698
"G000293215",13.0773692363954
"G000146045",11.9721697359837
"G000002715",11.527178667717
"G000300575",11.3035949198354
"G000226095",10.4024344197366
"G900079805",8.03181667482161
"G000171015",7.36133774721837
"G000181695",6.81176692606751
"G004022145",6.30198857959928
"G001890805",4.8696806383337
"G000263375",4.73041171031953
"G003426965",4.6274976779239
"G000313485",4.46626404596038
"G000303195",4.30009350823088
"G000523435",4.03295002261778
"G003025115",3.38153935277347
"G000006445",2.92325558007934
"G003184765",2.8067956898698
"G000151425",2.37374556236357
"G000002945",2.29182391926264
"G000149425",2.26018773953186
"G001661235",2.24953051000069
"G000149925",1.97209071409533
"G000185945",1.97157048077197
"G008704595",1.96575134976046
"G002926085",1.90369222300227
"G900074925",1.73405051009335
"G001640025",1.63641689246609
"G000150735",1.60486714285057
"G000223485",1.45263418736393
"G000143365",1.3974795302043
"G002708625",1.22842644725907
"G001638985",1.22559599777977
"G000146915",1.06344055479671
"G000226545",1.01936292188949
"G000365145",0.972173666790618
"G000149985",0.953307351967282
"G001661335",0.903938177899336
"G000439145",0.877246029238042
"G000150705",0.870808774934711
"G000182925",0.837701339287458
"G000003855",0.807811553919435
"G000182965",0.784602317981425
"G003184785",0.73244818065852
"G000721785",0.695318190430056
"G000149585",0.693654116875178
"G000271645",0.595114523243739
"G009193445",0.551969399263105
"G001447935",0.50563583493254
"G000151335",0.476504935729488
"G000417875",0.406977378566032
"G000149205",0.36753587012292
"G009193645",0.336210679952503
"G002847045",0.29783889127655
"G000002855",0.289971471097914
"G000184455",0.286172715881119
"G002775015",0.232818459566866
"G000146945",0.215879010724137
"G000814965",0.213623101930461
"G004154835",0.196164031734359
"G001664035",0.15012642820646
"G000002525",0.146548938323856
"G000149555",0.126961551724955
"G000149335",0.101734944848803
"G000835495",0.100032752940657
"G000006275",0.0791143437736974
"G010724455",0.0671170043360834
