"Taxa","varImp"
"G009193645",269.507507679871
"G000181695",96.2027139975153
"G009193445",76.4484728241428
"G000146045",71.9690963375153
"G003184745",43.8776399699941
"G001890805",40.2133420669664
"G000293215",30.5776989934413
"G003426965",29.4451934081805
"G000182925",22.2805405053658
"G900074925",21.6774367526516
"G000439145",21.2264627726021
"G004337985",21.1201063654184
"G000149645",20.1537490735115
"G004154835",18.5133702260505
"G000142805",14.0343635363606
"G000835495",13.3023364427315
"G900067095",12.2915430557373
"G000300575",11.5136972895262
"G001027345",9.1686028473853
"G003184785",9.12426893486019
"G003344945",8.10925805474975
"G000143535",8.04921547791884
"G000315645",7.02881813146655
"G003290485",6.38970107473162
"G000218685",6.14242157715419
"G000003855",5.99228182149399
"G000230375",5.13580040437077
"G000585535",4.87124245717909
"G001720205",4.39403361236376
"G000223485",4.24782281466887
"G002775015",4.23623409036488
"G002237265",4.00154735627429
"G000149585",3.53696080135182
"G000271645",3.48136760883117
"G000182965",3.2550988651055
"G000213175",2.85889567320092
"G000143365",2.83254982093926
"G000303195",2.81320565495538
"G001329695",2.75347593177627
"G001661405",2.7398452090196
"G000150705",2.69410001818358
"G003184765",2.37092776533507
"G001661345",2.20804349020676
"G001653265",2.09707861658125
"G000149955",1.93261390908951
"G000150735",1.86771993063138
"G001664035",1.568727892
"G000835475",1.52031187209831
"G000320565",1.45993111010883
"G000146945",1.41271056047061
"G002847045",1.27903574933621
"G000836275",1.22946629323755
"G000349305",1.08504741802533
"G000002655",1.06693226977854
"G000721765",1.04131369840437
"G003184625",0.993753560640026
"G000146465",0.929649781664628
"G000225545",0.881962038476885
"G000585585",0.84623864599481
"G000226545",0.742096404637124
"G000149335",0.723435177414807
"G011692745",0.600057058700799
"G002847465",0.558209093554586
"G000182805",0.486059817622744
"G003025115",0.479998207614125
"G000150675",0.426830615285341
"G000365165",0.397290187141411
"G000006445",0.324035852510214
"G000271585",0.269494624283011
"G000149685",0.255976475904301
"G000320585",0.249975324964358
"G000002525",0.238683566155773
