"Taxa","varImp"
"G003290485",47.1807430572824
"G000146045",35.8997813505862
"G000747765",29.6747219318877
"G000181695",26.7462966436609
"G000006275",20.9797599076345
"G900067095",16.9462346184249
"G001720205",11.1904877443584
"G008704595",10.2058645675241
"G000149645",8.83869649853182
"G000313485",7.59167046479776
"G000223485",6.4332410483405
"G009193645",6.30834975541389
"G000149585",5.94384657376094
"G000146915",3.49268907558988
"G003054445",3.21087373009204
"G000835455",3.1689478885251
"G000303195",2.90590609734766
"G001661345",2.56403671168344
"G000835495",2.49138998710612
"G000003125",2.16537572238482
"G000365165",2.12456005570997
"G000184455",1.96932806440895
"G000835515",1.93502977799359
"G001672515",1.78078377309551
"G000002545",1.76192106547078
"G000836115",1.74699596382299
"G000814965",1.70390770531374
"G004337985",1.55815461303275
"G000230375",1.36051951214919
"G000002855",1.33080792484644
"G002237265",1.13839691598301
"G000150735",1.08109829904194
"G000439145",1.01311887756942
"G000392275",0.961501652817112
"G000003855",0.872857755547869
"G000240135",0.786839587654869
"G000006335",0.767487892317417
"G000149955",0.76375826379697
"G002847045",0.706620510242285
"G000149925",0.615588070817608
"G000182805",0.519670887120061
"G000149205",0.474655528010095
"G001642055",0.460359334785057
"G001661405",0.436870874949695
"G000243375",0.428948544483922
"G000213175",0.360275874942991
"G000264905",0.319677065614121
"G000349305",0.30395667789922
"G000961545",0.289478317257462
"G009176365",0.282415628775049
"G000149425",0.267795252180223
"G001638985",0.247215339076153
"G000263375",0.23057240511388
"G000151425",0.223793890431493
"G000293215",0.222287720258233
"G000320565",0.166039967606169
"G000230625",0.156831086504582
"G002847485",0.119847222063987
"G000182925",0.103763724843448
"G000002515",0.0902228841114882
"G000150705",0.0866661542365288
"G000143535",0.0707398307365278
