"Taxa","varImp"
"G003290485",100.741338869298
"G000182965",52.4141435343137
"G000146045",38.0935709942768
"G000181695",35.7815288413232
"G900067095",27.5849155797188
"G000747765",20.017581025326
"G000230375",19.3867724389211
"G000313485",15.0895476257665
"G000003125",13.2287191221109
"G000002855",10.7324819680694
"G004337985",9.96508164326287
"G001720205",9.50919633027222
"G000006445",7.88890944329115
"G001661405",7.0333821707264
"G002775015",6.4032409041556
"G000002515",5.68776363833429
"G000223485",5.61397608507214
"G000365165",5.12105204190201
"G001642055",4.00405806099407
"G000226545",3.76846868437924
"G000006275",3.69081778143219
"G000182805",3.48355639341875
"G000303195",3.41587505086844
"G000271645",2.77786102106005
"G000003835",1.9928352421595
"G001661255",1.70959778374416
"G000328475",1.34566456122283
"G000003855",1.33244257279405
"G001653265",1.26918913451157
"G002847465",1.14865694580966
"G000149955",1.11206636512394
"G000184455",0.928765343013903
"G000149035",0.898393569479799
"G000149925",0.851483850737286
"G000149205",0.809547145043788
"G000769745",0.803610131075835
"G000835455",0.782391197662142
"G000149685",0.756664800002079
"G900007375",0.711174396190474
"G000293215",0.634855464146107
"G009193585",0.625875203695184
"G001661345",0.620732516658935
"G000002655",0.572376178889002
"G003426965",0.535340440763736
"G000225545",0.514969099003573
"G003013735",0.510686740950326
"G000149425",0.502121402946072
"G001890805",0.41930049809432
"G000516985",0.33350851109307
"G001329695",0.319412065635684
"G003344945",0.277136739837334
"G000814965",0.240716073811042
"G000149555",0.230800371011437
"G000721785",0.163908418620645
"G000149645",0.138015177445942
"G004154835",0.136278350594714
"G000149985",0.11504430517455
"G000417875",0.109046723344307
"G003054445",0.104837000003921
"G000150735",0.0950213398748724
"G000149335",0.0831833216416967
"G000315645",0.0663191018167794
