"Taxa","varImp"
"G003290485",30.3052874933067
"G000181695",18.5909873396563
"G000149955",8.02576923835107
"G000747765",7.47803270993507
"G000313485",5.7165943890107
"G000230375",5.55983004899589
"G001720205",5.30713994478966
"G900067095",4.1382439178498
"G000149925",3.1468517981891
"G000439145",1.96292526943368
"G004337985",1.640531710321
"G000003835",1.51262274752142
"G003184785",1.41641721384275
"G000149645",1.25165906910245
"G003344945",1.23016598780914
"G000146945",1.22901431010885
"G000002855",1.03870211668818
"G000182805",0.94729684668704
"G000264995",0.945042072569371
"G000182925",0.939732746204443
"G001661405",0.780384051858438
"G000403515",0.726943372740749
"G000150735",0.481194055614148
"G001642055",0.47598493610646
"G000143365",0.417579354925679
"G000349305",0.38824436366311
"G000721785",0.275388207683805
"G003184765",0.251799003667877
"G003184745",0.241608606562439
"G001329695",0.241057169192837
"G009193445",0.229731710657591
"G000143535",0.210811811354177
"G000006335",0.181591153569228
"G000146045",0.125359772762846
"G000523455",0.0972585829075672
"G009193645",0.0576605998348339
"G000006275",0.0529712228292006
"G000835515",0.0493241926931619
"G000002545",0.0465658978076511
"G000225545",0.0421025094437388
"G000835495",0.0377633718822586
"G002847485",0.0346799905260947
"G000243375",0.0332980444169144
"G000527765",0.0181537408222431
"G000006445",0.0154068112210652
"G000149585",0.00673192369217491
"G001890805",0.00475057479678854
