"","term","estimate","std.error","statistic","p.value","conf.low","conf.high"
"1","log_ratio_classlower",-0.0745917460319333,0.111081499029793,-0.671504676147078,0.501899081547684,-0.292307483479049,0.143123991415182
"2","data_submitting_center_labelHarvard Medical School",0.0256493028444955,0.135356558244212,0.189494348683266,0.84970538395846,-0.239644676385458,0.290943282074449
"3","data_submitting_center_labelMD Anderson - Institute for Applied Cancer Science",0.344898280088589,0.17265731243841,1.99758860611028,0.0457612795227714,0.00649616604182682,0.683300394135351
