"","term","estimate","std.error","statistic","p.value","conf.low","conf.high"
"1","log_ratio_classlower",-0.0636759089450408,0.119935216298369,-0.530919198800049,0.595474772988947,-0.298744613367866,0.171392795477784
"2","data_submitting_center_labelHarvard Medical School",-0.116166865749949,0.145940260486452,-0.795989162707663,0.42603833444993,-0.402204520197789,0.169870788697891
"3","data_submitting_center_labelMD Anderson - Institute for Applied Cancer Science",0.249697156310604,0.178122819127895,1.40182576007467,0.160967284060182,-0.0994171540048128,0.598811466626022
