"","term","estimate","std.error","statistic","p.value","conf.low","conf.high"
"1","log_ratio_classlower",-0.144706153068868,0.112497835144028,-1.28630166868193,0.198337800361132,-0.365197858289887,0.0757855521521507
"2","data_submitting_center_labelHarvard Medical School",-0.0870938563562586,0.140566392182051,-0.619592315092367,0.535526227520527,-0.362598922469811,0.188411209757294
"3","data_submitting_center_labelMD Anderson - Institute for Applied Cancer Science",0.198596883026255,0.170503459264024,1.16476747089764,0.244113129443885,-0.135583756370723,0.532777522423234
