"","term","estimate","std.error","statistic","p.value","conf.low","conf.high"
"1","log_ratio_classlower",-0.279931485762743,0.118182326480203,-2.36864084588514,0.0178535811367531,-0.511564589273095,-0.04829838225239
"2","data_submitting_center_labelHarvard Medical School",0.0436305178860786,0.13951801103253,0.312723192963996,0.754490973299199,-0.229819758932341,0.317080794704499
"3","data_submitting_center_labelMD Anderson - Institute for Applied Cancer Science",0.488158449696651,0.179611925985291,2.71785098355122,0.00657074238314988,0.136125543571607,0.840191355821696
