"","term","estimate","std.error","statistic","p.value","conf.low","conf.high"
"1","log_ratio_classlower",-0.266860060701176,0.106263807243321,-2.51129775625415,0.012028818927639,-0.475133295758192,-0.0585868256441598
"2","data_submitting_center_labelHarvard Medical School",-0.103984011232422,0.130489671931295,-0.796875413152781,0.425523391549866,-0.359739068572207,0.151771046107364
"3","data_submitting_center_labelMD Anderson - Institute for Applied Cancer Science",0.312103038192136,0.160153237589792,1.94877757633311,0.0513219927576289,-0.00179153949134279,0.625997615875615
