"","term","estimate","std.error","statistic","p.value","conf.low","conf.high"
"1","log_ratio_classlower",0.111173798988973,0.106912141959499,1.03986130060969,0.298404344215409,-0.0983701487616796,0.320717746739625
"2","data_submitting_center_labelHarvard Medical School",-0.057260816008166,0.132213815010878,-0.433092532754273,0.664947547407387,-0.316395131688127,0.201873499671796
"3","data_submitting_center_labelMD Anderson - Institute for Applied Cancer Science",0.324805000886445,0.163176395616637,1.99051461860657,0.0465342752645161,0.00498514235077745,0.644624859422113
