"","term","estimate","std.error","statistic","p.value","conf.low","conf.high"
"1","log_ratio_classlower",0.347342778956538,0.107871218670781,3.21997640553793,0.00128201147818581,0.135919075393362,0.558766482519714
"2","data_submitting_center_labelHarvard Medical School",-0.045841626608335,0.13061724201607,-0.350961526217918,0.725617212305828,-0.301846716719784,0.210163463503113
"3","data_submitting_center_labelMD Anderson - Institute for Applied Cancer Science",0.396176780333775,0.16320168980706,2.42752866592339,0.0152020854263189,0.0763073460958598,0.716046214571691
