"","term","estimate","std.error","statistic","p.value","conf.low","conf.high"
"1","log_ratio_classlower",-0.142177841297588,0.099495786480963,-1.4289835411753,0.15300896408169,-0.337185999413763,0.0528303168185863
"2","data_submitting_center_labelHarvard Medical School",0.00798991456742421,0.126335434434146,0.063243654507628,0.94957248306436,-0.239622986894723,0.255602816029572
"3","data_submitting_center_labelMD Anderson - Institute for Applied Cancer Science",0.289786175823631,0.153772289837166,1.88451492873323,0.0594953574041765,-0.0116019740774681,0.591174325724731
