"","term","estimate","std.error","statistic","p.value","conf.low","conf.high"
"1","log_ratio_classlower",-0.204862301424624,0.10607102823506,-1.93136905367445,0.0534374293281764,-0.412757696568473,0.00303309371922553
"2","data_submitting_center_labelHarvard Medical School",-0.0550619155197328,0.130911861542881,-0.42060295278665,0.674045037198481,-0.311644449292873,0.201520618253407
"3","data_submitting_center_labelMD Anderson - Institute for Applied Cancer Science",0.293051077642435,0.159982288456633,1.83177200719863,0.0669853954264049,-0.0205084458968622,0.606610601181733
