"","term","estimate","std.error","statistic","p.value","conf.low","conf.high"
"1","log_ratio_classlower",0.202296406143586,0.0993808398846372,2.03556748341445,0.0417938057383499,0.00751353921635515,0.397079273070816
"2","data_submitting_center_labelHarvard Medical School",-0.0409561130489384,0.126843185144826,-0.322887768879156,0.746780239627721,-0.289564187617142,0.207651961519266
"3","data_submitting_center_labelMD Anderson - Institute for Applied Cancer Science",0.263006906312539,0.154417535531811,1.70321916747828,0.0885270609560692,-0.039645901911245,0.565659714536323
