"","term","estimate","std.error","statistic","p.value","conf.low","conf.high"
"1","log_ratio_classlower",-0.278587447269487,0.116932716811687,-2.38245937377933,0.0171974294452132,-0.507771360834815,-0.0494035337041595
"2","data_submitting_center_labelHarvard Medical School",0.0338389860479589,0.138102098313517,0.245028761048497,0.806434161935031,-0.236836152835945,0.304514124931863
"3","data_submitting_center_labelMD Anderson - Institute for Applied Cancer Science",0.479934753155721,0.178002372095041,2.69622672724535,0.0070129914369555,0.131056514686743,0.828812991624699
