"","term","estimate","std.error","statistic","p.value","conf.low","conf.high"
"1","log_ratio_classlower",0.0962212066533634,0.114900675954433,0.837429422012475,0.402351233389459,-0.128979980016632,0.321422393323359
"2","data_submitting_center_labelHarvard Medical School",0.0473659158115609,0.141704005408464,0.334259541041398,0.738183717857665,-0.230368831254097,0.325100662877218
"3","data_submitting_center_labelMD Anderson - Institute for Applied Cancer Science",0.364184705904107,0.175812041185879,2.07144347706577,0.038317371451499,0.0195994371313118,0.708769974676902
