"","term","estimate","std.error","statistic","p.value","conf.low","conf.high"
"1","log_ratio_classlower",0.221178934004915,0.122186329769247,1.81017741037495,0.0702682795320032,-0.0183018717459426,0.460659739755772
"2","data_submitting_center_labelHarvard Medical School",0.0450722819103883,0.146328850301983,0.308020474550106,0.758066752835525,-0.241726994580652,0.331871558401429
"3","data_submitting_center_labelMD Anderson - Institute for Applied Cancer Science",0.455675997996034,0.182763175895381,2.49325935470105,0.0126576352361567,0.0974667555409274,0.81388524045114
