"","term","estimate","std.error","statistic","p.value","conf.low","conf.high"
"1","log_ratio_classlower",-0.141726295558231,0.113218525304583,-1.25179421986779,0.210644856885554,-0.36363052753795,0.0801779364214874
"2","data_submitting_center_labelHarvard Medical School",-0.0874929167810886,0.141495476131763,-0.61834426918083,0.536348426201607,-0.364818953974691,0.189833120412514
"3","data_submitting_center_labelMD Anderson - Institute for Applied Cancer Science",0.199271122534352,0.171167718596168,1.16418635574905,0.24434849840709,-0.136211441230024,0.534753686298727
