"","term","estimate","std.error","statistic","p.value","conf.low","conf.high"
"1","log_ratio_classlower",-0.0336571769585756,0.120235930572665,-0.279926115249174,0.779534190785325,-0.269315270528658,0.202000916611507
"2","data_submitting_center_labelHarvard Medical School",-0.100142735702307,0.146354843622603,-0.684246132369482,0.493819755927085,-0.386992958165601,0.186707486760988
"3","data_submitting_center_labelMD Anderson - Institute for Applied Cancer Science",0.269003111876147,0.178376528134396,1.5080633909046,0.131538303704139,-0.080608458954565,0.618614682706859
