"","term","estimate","std.error","statistic","p.value","conf.low","conf.high"
"1","log_ratio_classlower",-0.109955073491957,0.109570412975133,-1.0035106239575,0.315614553575263,-0.324709136694397,0.104798989710483
"2","data_submitting_center_labelHarvard Medical School",0.0378942044938768,0.133695357088074,0.28343695188243,0.776841905725949,-0.224143880298971,0.299932289286724
"3","data_submitting_center_labelMD Anderson - Institute for Applied Cancer Science",0.366529149823176,0.170630633791445,2.14808526276219,0.0317069827404248,0.0320992529326997,0.700959046713652
