"","term","estimate","std.error","statistic","p.value","conf.low","conf.high"
"1","log_ratio_classlower",0.108884044409139,0.100575318219019,1.08261198012843,0.278980687490616,-0.088239957033793,0.306008045852071
"2","data_submitting_center_labelHarvard Medical School",0.0166726389232089,0.127864907631269,0.130392609137831,0.896255813723615,-0.23393797492062,0.267283252767038
"3","data_submitting_center_labelMD Anderson - Institute for Applied Cancer Science",0.323471129704084,0.15644712546076,2.06760673135677,0.0386770185961901,0.0168403983161756,0.630101861091993
