"","term","estimate","std.error","statistic","p.value","conf.low","conf.high"
"1","log_ratio_classlower",-0.200522365170806,0.0998067659155673,-2.00910592915554,0.0445259010007521,-0.396140031778737,-0.00490469856287401
"2","data_submitting_center_labelHarvard Medical School",-0.0253409713484015,0.126088027385147,-0.200978410670152,0.84071545541849,-0.27246896390499,0.221787021208187
"3","data_submitting_center_labelMD Anderson - Institute for Applied Cancer Science",0.309271328962746,0.153988720799208,2.00840248141302,0.0446005394345556,0.00745898217090449,0.611083675754587
