"","term","estimate","std.error","statistic","p.value","conf.low","conf.high"
"1","log_ratio_classlower",0.201470178713277,0.100669733046462,2.00129843018747,0.0453602388256554,0.00416112760894896,0.398779229817604
"2","data_submitting_center_labelHarvard Medical School",0.012393486635635,0.1262244066523,0.0981861350299259,0.921784491906988,-0.235001804372811,0.259788777644081
"3","data_submitting_center_labelMD Anderson - Institute for Applied Cancer Science",0.351877802071916,0.156647291240112,2.2463063311612,0.0246843933218916,0.0448547529655394,0.658900851178292
