"","term","estimate","std.error","statistic","p.value","conf.low","conf.high"
"1","log_ratio_classlower",0.2813195598477,0.0994754651035954,2.82802960061287,0.0046835475724891,0.0863512308992822,0.476287888796118
"2","data_submitting_center_labelHarvard Medical School",-0.0479595081615063,0.126590224795741,-0.378856331433893,0.704794553518488,-0.296071789555988,0.200152773232976
"3","data_submitting_center_labelMD Anderson - Institute for Applied Cancer Science",0.237717542040482,0.154939510395373,1.53426031509895,0.124965624569971,-0.065958318116718,0.541393402197682
