"","term","estimate","std.error","statistic","p.value","conf.low","conf.high"
"1","log_ratio_classlower",0.391486959946226,0.105815932001889,3.69969769712217,0.000215856435232697,0.184091544231984,0.598882375660469
"2","data_submitting_center_labelHarvard Medical School",-0.146570628805884,0.131361511296927,-1.11578062218376,0.264516050392178,-0.404034459902612,0.110893202290844
"3","data_submitting_center_labelMD Anderson - Institute for Applied Cancer Science",0.231213014117673,0.160758055055901,1.43826705316429,0.150358296269693,-0.0838669840165989,0.546293012251946
