"Taxa","varImp"
"G900074925",100.24902488976
"G009193645",37.9023509244328
"G004337985",18.8842812055737
"G000300575",16.0845128203335
"G000293215",14.8031951733529
"G004154835",12.3260777121867
"G000184455",9.09827173330118
"G003144115",8.84267530714644
"G003184755",6.27828361779574
"G000835475",5.96067444499799
"G001638985",5.88065167969022
"G003184745",5.75878712146543
"G000213175",5.66394505940032
"G001890805",5.51136456420167
"G000006275",4.32633335337605
"G000439145",3.88300029796256
"G000223485",3.68494152046784
"G000409485",3.41074953276093
"G000835495",3.18532375618984
"G002237265",2.86334408450415
"G000315645",2.67215847155394
"G001720205",2.48564444416679
"G003184765",2.48234451786943
"G000150735",2.33287985480375
"G003426965",2.28560845915846
"G000230375",2.26628566237133
"G001653265",2.23536476971259
"G003184695",2.13989366689639
"G000181695",2.1294598911514
"G003184785",2.12419881466854
"G000151425",2.09129384623633
"G000281105",2.05094333318777
"G000182925",1.76039039102696
"G000313485",1.68144402435408
"G000835455",1.63338347761321
"G000303195",1.40045085335234
"G000150705",1.25640906228392
"G009193445",1.24169118594269
"G000240135",1.23537543549466
"G003054445",1.15624176904977
"G000835515",1.06976992214101
"G000149335",1.0594170346449
"G003290485",1.05866710731543
"G000320565",0.957834803565629
"G000149585",0.904101727609484
"G003025115",0.870914487917319
"G002847485",0.858587190671863
"G000226095",0.79618041655867
"G000523435",0.738400105284686
"G000271645",0.735080601658807
"G000149925",0.674031408230307
"G000003125",0.6630583966498
"G001890905",0.637061867931765
"G001664035",0.54958680866211
"G000142805",0.53553737665466
"G000002715",0.463472322865744
"G001027345",0.397261875951526
"G003013735",0.369127862868312
"G008704595",0.330758483601957
"G002847045",0.272414123276798
"G000151335",0.267907337703414
"G002926085",0.259606285555179
"G003184865",0.243590351753379
"G000002655",0.188219384895773
"G000523455",0.148646803617473
"G000171015",0.114948841651358
"G000226545",0.109812318857868
"G000150505",0.100398001557054
"G001661395",0.0946131016933482
"G001661235",0.0926984814771378
"G000146045",0.0837694901353991
"G000182895",0.0762171002902295
"G000182965",0.0473453496001489
"G000225545",0.0457285409131456
"G001417885",0.0448489681265301
"G000328475",0.0373597465202403
"G000003855",0.0346632262001484
"G003184845",0.0305186366641291
"G000149205",0.0192015992244028
