"Taxa","varImp"
"G009193645",58.2472133216114
"G000181695",54.9847947172213
"G900074925",41.9016994120694
"G000293215",23.8688793492175
"G000300575",13.8348397230095
"G000439145",9.89106278075974
"G000149585",8.26392461270707
"G001720205",7.76947020776218
"G003426965",7.66449470950146
"G000315645",7.65537961519508
"G004337985",6.6418368267546
"G009193445",6.55824456192964
"G001638985",4.93985756906387
"G900067095",4.88017823811208
"G000149555",4.85030421658821
"G000149645",4.21929781117657
"G000182965",4.15040396663048
"G000409485",4.04821614796522
"G000836115",3.93016859950148
"G000271645",3.68337800247847
"G003025105",3.54748844521363
"G000392275",3.32399552579132
"G000149925",3.15593665007781
"G000218685",2.89140913299099
"G000320585",2.73506043786441
"G003290485",2.56826432759322
"G000223485",2.46983970204765
"G001661405",2.2084344402505
"G000230375",2.00607945782494
"G003184755",1.80031330244922
"G000143365",1.7539268831207
"G000182805",1.74477817819865
"G000747765",1.6118291004739
"G000026945",1.47264489286877
"G000149685",1.41763348104388
"G000003855",1.19535566985347
"G001661265",1.15954607155244
"G000182925",1.103209897078
"G001890805",1.03095096194856
"G000150705",1.02697109511031
"G000226095",1.00955882802816
"G003344945",0.979003378293168
"G001642055",0.952190793747534
"G003184765",0.933134069157339
"G000146945",0.91551732895738
"G000835495",0.914296758831754
"G003184745",0.904717904649643
"G000226545",0.764206318122591
"G000142805",0.664354445904593
"G001661345",0.597750664716155
"G000143535",0.560383162131029
"G001027345",0.499801566760083
"G000523455",0.435955677532914
"G001481775",0.206258950202558
"G000264905",0.122139775843099
"G000150735",0.119386324531269
"G001204775",0.0847240942453751
