"Taxa","varImp"
"G900074925",94.2220577500085
"G000181695",42.925809555648
"G000439145",24.70784435664
"G000300575",22.4649709917738
"G001720205",18.6487012667443
"G000293215",18.3030403360256
"G003290485",11.7700549629812
"G009193645",9.355621394046
"G003184745",6.83799521404263
"G000315645",6.3052330502784
"G001661405",5.09724275460085
"G000182965",4.92219343481101
"G003025115",4.68698100522369
"G000230375",4.57820831677206
"G000149685",4.13797811336435
"G000835495",4.03813548469485
"G000836115",4.00513396608992
"G000223485",3.87306878991915
"G000149585",3.76269433521713
"G001638985",3.54051420334488
"G003025105",3.41670206067189
"G000320585",3.05425587555546
"G000182925",2.89444840030269
"G000182805",2.74158773073185
"G000264905",2.64414829657098
"G000523455",2.14881712524541
"G003184625",2.01226285024386
"G000349305",2.00834121153989
"G000002715",1.79342949341105
"G001642055",1.37474812918164
"G000146945",1.30440003237718
"G000585535",1.08888766934299
"G000150735",1.08449259862056
"G001661345",0.860007384046019
"G000221225",0.853539175737851
"G003426965",0.801154633110154
"G003184765",0.76828267744494
"G003054445",0.726549877851389
"G000226095",0.639714604837025
"G000409485",0.570601996615383
"G000271645",0.569472185916329
"G000142805",0.499172144487268
"G000143535",0.464211863390329
"G000006275",0.236802650034332
"G001664035",0.225775726809639
"G004337985",0.220194590749688
"G000149925",0.189384835919953
"G000167675",0.165830698886433
"G000150705",0.156481097384021
"G001672515",0.127555263575112
"G000151505",0.113729084841339
"G900007375",0.106638775050228
