"Taxa","varImp"
"G009193645",69.4754435614506
"G000181695",28.4966599686241
"G000149585",27.2935110609377
"G004337985",21.457516682483
"G002775015",20.3693957166268
"G000315875",17.8988317287897
"G009176365",14.1417591327281
"G008704595",13.4123789819979
"G009193445",13.2195883338506
"G000150735",13.152886092609
"G000003855",13.1178338008973
"G003184865",9.81925598276161
"G003184925",9.68609035279781
"G000151335",9.09051283790784
"G000182925",8.62068081051056
"G003025105",8.09627847761181
"G000143365",7.08599047238108
"G000184455",6.79761628518532
"G003184695",6.21139310130898
"G003184785",6.04678288123942
"G000226095",5.96397436351849
"G000769745",5.65729472486683
"G000439145",5.39969235231255
"G001481775",5.33580004034427
"G004022145",5.22675639340328
"G003344945",5.12329563691876
"G000002945",5.01123578811121
"G003426965",4.86021705248928
"G000149335",4.57411522449917
"G000006275",3.53824990198478
"G000213175",3.52864826648132
"G002849105",3.17426572707182
"G000171015",2.99903187083873
"G003184745",2.7632855105393
"G001661395",2.13554337800435
"G000187425",2.06080174226153
"G001890805",1.94485202446541
"G000026945",1.9359070003818
"G000149925",1.9227506494296
"G001417885",1.89835370264581
"G000226545",1.79449421127139
"G000149205",1.77432919675125
"G000151125",1.66792627533111
"G003184755",1.64664968571841
"G000151425",1.53446572884621
"G000836295",1.38710493977754
"G000151505",1.3375194418345
"G000149555",1.29917944654912
"G000230375",1.27840347369039
"G000150705",1.27501803833116
"G000527765",1.23625879700363
"G001907595",1.06001776885039
"G000814965",0.960930179863488
"G000149615",0.811636820955383
"G000146045",0.788806037429465
"G002237265",0.56201436751662
"G000002855",0.561549904706618
"G000143535",0.434293562279476
"G000223485",0.323416944149455
"G000328475",0.279771091978355
"G000149035",0.184909360678722
