"Taxa","varImp"
"G004337985",2584.48285627959
"G009193445",1028.88679958593
"G000181695",494.378498982542
"G009193645",297.957490518076
"G000182925",291.064983445052
"G003184865",135.438780718608
"G000226095",118.089808749833
"G003344945",93.5346148979809
"G000006275",92.3544372114919
"G003184625",90.1925229790427
"G008704595",84.540006089988
"G003025105",83.5026768809429
"G900067095",81.241250830108
"G000149925",80.4336113194454
"G001890805",74.4255236745219
"G003426965",70.0877900722731
"G000003855",61.3402320716548
"G000185945",59.015371827453
"G003184745",56.9293987092188
"G000315875",53.5936216312279
"G000143535",50.5899292072256
"G009176365",49.7064120253258
"G000213175",47.4213171921769
"G000226545",45.9817467170363
"G000150705",45.8589190513119
"G002926085",41.5317768601632
"G000187425",40.1060073532103
"G000001985",38.1143718417821
"G003184755",37.5906048525378
"G000439145",35.767936720653
"G001907595",30.9344427289107
"G002708625",29.4192487261575
"G000002855",27.8722527563179
"G000150675",27.6449718947268
"G003184695",26.4952678770145
"G002775015",22.9446039330628
"G000150735",20.5890436035888
"G000002525",20.3604769133534
"G001417885",19.1652280790306
"G000320565",19.0235578675742
"G002849105",18.7049701535448
"G000184455",17.6013418964602
"G003013735",17.0747916961902
"G000151335",16.9086820143374
"G000149585",16.4100040550923
"G000218685",14.5470153749356
"G000002655",13.2295548300319
"G001481775",13.1639830378323
"G000151505",12.6850798475785
"G000151125",11.8637838932638
"G001792695",10.9550826142187
"G000167675",10.8842011141935
"G000149035",10.4357634148563
"G000002715",10.3137156641808
"G000151425",9.14707853158141
"G000149555",8.90876703268095
"G001661395",8.00021520068058
"G003184785",7.88587208895095
"G000150505",7.82307900439019
"G001619985",7.36587695453907
"G000026945",7.23881580435889
"G003369625",6.2776223493025
"G003025115",5.98136273592776
"G002847465",5.70976404981957
"G000149335",5.53327250848141
"G000143365",5.4786586737106
"G900007375",5.1451591232933
"G000002945",4.93003118216885
"G002237265",4.02002521797623
"G002847485",3.91920756682955
"G003290485",3.78615394780789
"G002926055",3.24084539417215
"G000149955",2.72246296272723
"G001653265",2.42064194747031
"G001661335",2.091165740751
"G000527765",1.41746069832618
"G000151355",1.26817451188991
"G000835555",1.0917807425123
"G000149205",1.01197255604738
"G000769745",0.866393027902248
