"Taxa","varImp"
"G003344945",1941.37748338785
"G009193645",1092.30267314948
"G004337985",494.874949893866
"G002775015",139.829621613673
"G000182925",110.113998488902
"G004022145",110.099798790403
"G000181695",106.339032711805
"G008704595",104.856758896287
"G009193445",96.0791502554735
"G003184785",94.3597490135162
"G000149585",87.612953684173
"G000151335",77.9220334421549
"G000814965",65.3330703084453
"G000151425",65.1459146101453
"G009176365",64.932493452308
"G000167675",61.5634237854163
"G000149925",60.8107722877326
"G000835555",60.0455443147066
"G003184745",59.4948308535891
"G000002525",56.7247758003762
"G000003855",50.7309457782018
"G000184455",46.4919217526422
"G003184755",39.2691861071987
"G000315875",35.4096935825512
"G000150735",28.1642802621715
"G000026945",27.7948731377173
"G003184765",23.9878773096926
"G003025105",21.5320371824209
"G000006275",21.3972149686042
"G001890805",21.0286815575645
"G000002855",19.8114882266231
"G003184625",19.3097098721896
"G000187425",18.6639205667111
"G003184925",14.1149829921127
"G001907595",14.04537277168
"G000835505",12.8672956809532
"G003184865",12.0238390856526
"G000182965",9.98482529722966
"G000230375",8.43465383773198
"G003426965",6.68310660572114
"G000151125",6.49164566258057
"G000523455",5.31603760705371
"G001417885",4.53395931889057
"G000769745",4.47653673738543
"G002847045",4.07712908300634
"G000315645",3.99849593886004
"G000149205",2.75807510034973
"G000732125",2.38009370625512
"G000523435",2.09633431279726
"G000149035",1.3456384087908
"G000439145",1.05921883278434
"G000150705",0.45038845259586
