"Taxa","varImp"
"G004337985",35.128453524415
"G009193645",33.7560754948899
"G002775015",30.9628694437097
"G000006275",29.9828843160275
"G000439145",29.3582319097167
"G000315875",28.042680777275
"G000003855",25.2728136431385
"G003344945",24.7816619231631
"G009193445",24.1998215579338
"G000181695",23.0327358780669
"G001661395",21.9582537347373
"G000213175",18.0982329236446
"G003184745",13.3649453625623
"G001890805",13.3540629570009
"G000226095",11.7672263723008
"G000315645",11.0596085376045
"G008704595",10.9480825450743
"G000320565",10.2718671899601
"G000769745",9.47366429382505
"G003184695",9.12875372619185
"G003184785",8.93345459265564
"G000836295",8.86737661944841
"G000150705",8.8439468288623
"G002849105",8.82701532344493
"G003025105",8.35072452596263
"G009176365",8.07084026627795
"G000002855",7.33393011238155
"G000230375",7.28644664687739
"G000149205",6.69031833059036
"G000225545",6.66823164074679
"G000182925",6.42136735253125
"G000149585",6.41536773398562
"G000002655",5.99393792160537
"G000149335",5.98273943445554
"G003025115",5.97332406144751
"G003054445",5.55372653155746
"G003184925",5.37794808065296
"G000149925",5.16274892749976
"G000187425",5.04680613979425
"G000167675",4.4606566856584
"G000151125",4.31125339618453
"G001481775",4.25828529640474
"G000150735",4.25822681161748
"G001646965",4.14544965989388
"G000814965",3.65063685554569
"G001907595",3.57113586820519
"G900079805",3.44357896914232
"G003184755",3.32372458388728
"G003184765",3.22556515364525
"G000149035",3.14518010243005
"G000143365",3.06951761449413
"G000002525",2.92451817569721
"G000171015",2.49018902945209
"G002847465",2.3490110945552
"G003184845",2.23594112788162
"G000184455",2.05739756270678
"G000226545",1.78746316253544
"G004022145",1.7533203295428
"G003184625",1.51346477114383
"G000149555",1.49242683860929
"G000151425",1.42487079161925
"G000151335",1.37275460125621
"G002237265",1.30432410311286
"G000836115",0.963249212272105
"G001720155",0.930348961331001
"G000300575",0.829694174108244
"G000835455",0.800643448238294
"G003369625",0.615652337045023
"G000001985",0.61076313777442
"G000149955",0.367854555025526
"G000185945",0.212000391059497
