"Taxa","varImp"
"G000181695",28.9045381153153
"G009193445",23.3484067700091
"G003184745",21.4674614264816
"G000182925",15.6612667465456
"G000002855",13.8439578748961
"G004337985",12.2300241337426
"G000184455",11.9171211667307
"G002849105",10.6173977118251
"G000149335",9.34429905489851
"G000149585",9.20370706799086
"G000003855",9.12404962802119
"G000439145",8.80805077095938
"G009193645",7.76823269147795
"G008704595",7.25166351406279
"G003344945",6.71848167917942
"G001907595",6.17571980362107
"G003426965",5.69925085756822
"G000230375",5.45242828183512
"G001890805",4.26690194704746
"G003025105",4.12704747956412
"G002775015",4.12042941651003
"G000150735",4.01044766095957
"G000151335",3.97046720909359
"G000150705",3.9547150011206
"G009176365",3.87657468341014
"G003184695",3.69490599546413
"G000315875",3.5223291883373
"G000213175",3.43360726020361
"G000187425",3.42653601010686
"G003184845",3.27796054852756
"G001481775",3.24806306262695
"G003184925",3.1598298892979
"G000150505",2.81338638826327
"G002237265",2.79828698330709
"G000151425",2.31871319185555
"G003184785",2.06498441246294
"G003184755",1.8011560837928
"G000769745",1.66563494796803
"G002926055",1.60111099942373
"G000226095",1.45899785384171
"G000149205",1.36992513181185
"G000151125",1.1196634404224
"G000836295",0.980644112760483
"G000300575",0.76610216769469
"G000002655",0.760644331908266
"G003184765",0.617667014329661
"G900007375",0.520517902519916
"G000146945",0.513966602252937
"G003184625",0.442972026493003
"G002926085",0.43099003168433
"G001664035",0.278235517277152
"G001642475",0.241730003755465
"G000167675",0.199284731914043
"G001619985",0.115230890834604
"G003184865",0.105970201238439
